-- phpMyAdmin SQL Dump
-- version 4.8.0
-- https://www.phpmyadmin.net/
--
-- Máy chủ: 127.0.0.1
-- Thời gian đã tạo: Th7 23, 2018 lúc 04:31 AM
-- Phiên bản máy phục vụ: 10.1.31-MariaDB
-- Phiên bản PHP: 7.0.29

SET SQL_MODE = "NO_AUTO_VALUE_ON_ZERO";
SET AUTOCOMMIT = 0;
START TRANSACTION;
SET time_zone = "+00:00";


/*!40101 SET @OLD_CHARACTER_SET_CLIENT=@@CHARACTER_SET_CLIENT */;
/*!40101 SET @OLD_CHARACTER_SET_RESULTS=@@CHARACTER_SET_RESULTS */;
/*!40101 SET @OLD_COLLATION_CONNECTION=@@COLLATION_CONNECTION */;
/*!40101 SET NAMES utf8mb4 */;

--
-- Cơ sở dữ liệu: `startproject`
--

-- --------------------------------------------------------

--
-- Cấu trúc bảng cho bảng `category_items`
--

CREATE TABLE `category_items` (
  `id` int(10) UNSIGNED NOT NULL,
  `name` varchar(191) COLLATE utf8mb4_unicode_ci NOT NULL,
  `path` varchar(191) COLLATE utf8mb4_unicode_ci NOT NULL,
  `description` longtext COLLATE utf8mb4_unicode_ci,
  `image` varchar(191) COLLATE utf8mb4_unicode_ci DEFAULT NULL,
  `image_mobile` varchar(191) COLLATE utf8mb4_unicode_ci DEFAULT NULL,
  `level` tinyint(1) UNSIGNED NOT NULL DEFAULT '0',
  `parent_id` int(10) UNSIGNED DEFAULT NULL,
  `type` tinyint(4) NOT NULL DEFAULT '0',
  `order` int(11) NOT NULL DEFAULT '1',
  `isActive` tinyint(4) NOT NULL DEFAULT '1',
  `created_at` timestamp NULL DEFAULT NULL,
  `updated_at` timestamp NULL DEFAULT NULL,
  `seo_id` int(10) UNSIGNED NOT NULL
) ENGINE=InnoDB DEFAULT CHARSET=utf8mb4 COLLATE=utf8mb4_unicode_ci;

--
-- Đang đổ dữ liệu cho bảng `category_items`
--

INSERT INTO `category_items` (`id`, `name`, `path`, `description`, `image`, `image_mobile`, `level`, `parent_id`, `type`, `order`, `isActive`, `created_at`, `updated_at`, `seo_id`) VALUES
(1, 'Test 1', 'test-1', '<p>\r\n	Test 1\r\n</p>', 'images/uploads/images/gt_1.jpg', NULL, 0, NULL, 0, 1, 1, '2018-07-17 02:13:46', '2018-07-17 02:13:46', 1),
(2, 'Test 2', 'test-2', '<p>\r\n	Test 2\r\n</p>', 'images/uploads/images/gt_1.jpg', NULL, 0, NULL, 0, 2, 1, '2018-07-17 02:14:03', '2018-07-17 02:14:03', 2),
(3, 'Test 3', 'test-3', '<p>\r\n	Test 3\r\n</p>', 'images/uploads/images/gt_1.jpg', NULL, 0, NULL, 0, 3, 1, '2018-07-17 02:14:21', '2018-07-17 02:14:21', 3),
(4, 'test1-1', 'test1-1', '<p>\r\n	test1-1\r\n</p>', 'images/uploads/images/gt_1.jpg', NULL, 1, 1, 0, 5, 1, '2018-07-17 02:24:13', '2018-07-17 02:24:13', 4),
(5, 'test 5', 'test-5', '<p>\r\n	test 5\r\n</p>', 'images/uploads/images/gt_1.jpg', NULL, 0, NULL, 0, 5, 1, '2018-07-17 02:32:23', '2018-07-17 02:32:23', 5);

-- --------------------------------------------------------

--
-- Cấu trúc bảng cho bảng `category_many`
--

CREATE TABLE `category_many` (
  `category_id` int(10) UNSIGNED NOT NULL,
  `item_id` int(10) UNSIGNED NOT NULL,
  `created_at` timestamp NULL DEFAULT NULL,
  `updated_at` timestamp NULL DEFAULT NULL
) ENGINE=InnoDB DEFAULT CHARSET=utf8mb4 COLLATE=utf8mb4_unicode_ci;

--
-- Đang đổ dữ liệu cho bảng `category_many`
--

INSERT INTO `category_many` (`category_id`, `item_id`, `created_at`, `updated_at`) VALUES
(1, 1, '2018-07-17 03:18:34', '2018-07-17 03:18:34'),
(2, 1, '2018-07-17 04:25:46', '2018-07-17 04:25:46'),
(5, 1, '2018-07-17 04:08:02', '2018-07-17 04:08:02');

-- --------------------------------------------------------

--
-- Cấu trúc bảng cho bảng `category_permissions`
--

CREATE TABLE `category_permissions` (
  `id` int(10) UNSIGNED NOT NULL,
  `name` varchar(191) COLLATE utf8mb4_unicode_ci NOT NULL,
  `created_at` timestamp NULL DEFAULT NULL,
  `updated_at` timestamp NULL DEFAULT NULL
) ENGINE=InnoDB DEFAULT CHARSET=utf8mb4 COLLATE=utf8mb4_unicode_ci;

--
-- Đang đổ dữ liệu cho bảng `category_permissions`
--

INSERT INTO `category_permissions` (`id`, `name`, `created_at`, `updated_at`) VALUES
(1, 'Role', '2018-03-14 07:31:28', '2018-03-14 07:31:28'),
(2, 'User', '2018-03-14 07:31:28', '2018-03-14 07:31:28'),
(3, 'Menu', '2018-03-14 07:31:28', '2018-03-14 07:31:28'),
(4, 'Page', '2018-03-14 07:31:29', '2018-03-14 07:31:29'),
(5, 'Post', '2018-03-14 07:31:29', '2018-03-14 07:31:29'),
(7, 'Product', '2018-03-27 03:05:29', '2018-03-27 03:05:29');

-- --------------------------------------------------------

--
-- Cấu trúc bảng cho bảng `configs`
--

CREATE TABLE `configs` (
  `id` int(10) UNSIGNED NOT NULL,
  `name` varchar(191) COLLATE utf8mb4_unicode_ci DEFAULT NULL,
  `content` longtext COLLATE utf8mb4_unicode_ci,
  `description` varchar(191) COLLATE utf8mb4_unicode_ci DEFAULT NULL,
  `order` int(11) DEFAULT NULL,
  `user_id` int(10) UNSIGNED NOT NULL,
  `created_at` timestamp NULL DEFAULT NULL,
  `updated_at` timestamp NULL DEFAULT NULL
) ENGINE=InnoDB DEFAULT CHARSET=utf8mb4 COLLATE=utf8mb4_unicode_ci;

--
-- Đang đổ dữ liệu cho bảng `configs`
--

INSERT INTO `configs` (`id`, `name`, `content`, `description`, `order`, `user_id`, `created_at`, `updated_at`) VALUES
(1, 'config-contact', '<p>\r\n	<strong><em><span style=\"background-color:#f1c40f;\">Hotline đặt hàng</span>:</em></strong><em>&nbsp;&nbsp;<strong>097.388.9336 - 0914.675.777</strong></em>\r\n</p>\r\n\r\n<p>\r\n	<strong><em>Hotline hỗ trợ tư vấn và phản hồi ý kiến</em></strong><em>:&nbsp;&nbsp;<strong>097.388.9336</strong></em>\r\n</p>\r\n\r\n<p>\r\n	<strong><em>Hân hạnh được phục vụ quý khách hàng.!</em></strong>\r\n</p>\r\n\r\n<p>\r\n	<strong><em>Thông tin liên hệ với chúng tôi:</em></strong>\r\n</p>\r\n\r\n<p>\r\n	&nbsp; &nbsp; &nbsp; &nbsp; &nbsp; &nbsp;&nbsp;&nbsp; &nbsp;&nbsp;<strong>CÔNG TY TNHH THƯƠNG MẠI DỊCH VỤ THÉP KHÁNH NAM</strong>\r\n</p>\r\n\r\n<p>\r\n	<strong>TRỤ SỞ CHÍNH:</strong>&nbsp;<em>201 Bình Thành, KP 4, P. Bình Hưng Hòa, Q. Bình Tân, thành phố Hồ Chí Minh</em>\r\n</p>\r\n\r\n<p>\r\n	<strong>Di động:</strong><em>&nbsp;097.388.9336 - 0914.675.777</em>\r\n</p>', NULL, NULL, 1, NULL, '2018-03-30 09:07:51');

-- --------------------------------------------------------

--
-- Cấu trúc bảng cho bảng `menus`
--

CREATE TABLE `menus` (
  `id` int(10) UNSIGNED NOT NULL,
  `name` varchar(191) COLLATE utf8mb4_unicode_ci NOT NULL,
  `path` varchar(191) COLLATE utf8mb4_unicode_ci NOT NULL,
  `level` tinyint(3) UNSIGNED NOT NULL,
  `order` int(11) NOT NULL DEFAULT '1',
  `parent_id` int(11) DEFAULT NULL,
  `content_id` int(11) DEFAULT NULL,
  `type` tinyint(3) UNSIGNED DEFAULT NULL,
  `isActive` tinyint(4) NOT NULL DEFAULT '1',
  `created_at` timestamp NULL DEFAULT NULL,
  `updated_at` timestamp NULL DEFAULT NULL
) ENGINE=InnoDB DEFAULT CHARSET=utf8mb4 COLLATE=utf8mb4_unicode_ci;

-- --------------------------------------------------------

--
-- Cấu trúc bảng cho bảng `migrations`
--

CREATE TABLE `migrations` (
  `id` int(10) UNSIGNED NOT NULL,
  `migration` varchar(191) COLLATE utf8mb4_unicode_ci NOT NULL,
  `batch` int(11) NOT NULL
) ENGINE=InnoDB DEFAULT CHARSET=utf8mb4 COLLATE=utf8mb4_unicode_ci;

--
-- Đang đổ dữ liệu cho bảng `migrations`
--

INSERT INTO `migrations` (`id`, `migration`, `batch`) VALUES
(1, '2014_10_12_000000_create_users_table', 1),
(2, '2014_10_12_100000_create_password_resets_table', 1),
(3, '2018_03_14_140923_create_entrust_setup_tables', 1),
(4, '2018_07_12_085612_create_seos_table', 2),
(5, '2018_07_12_090313_add_seo_id_to_posts_table', 3),
(6, '2018_07_12_091007_add_seo_id_to_products_table', 4),
(7, '2018_07_12_091116_add_seo_id_to_category_items_table', 5),
(8, '2018_07_17_084914_create_category_many_table', 6);

-- --------------------------------------------------------

--
-- Cấu trúc bảng cho bảng `password_resets`
--

CREATE TABLE `password_resets` (
  `email` varchar(191) COLLATE utf8mb4_unicode_ci NOT NULL,
  `token` varchar(191) COLLATE utf8mb4_unicode_ci NOT NULL,
  `created_at` timestamp NULL DEFAULT NULL
) ENGINE=InnoDB DEFAULT CHARSET=utf8mb4 COLLATE=utf8mb4_unicode_ci;

-- --------------------------------------------------------

--
-- Cấu trúc bảng cho bảng `permissions`
--

CREATE TABLE `permissions` (
  `id` int(10) UNSIGNED NOT NULL,
  `name` varchar(191) COLLATE utf8mb4_unicode_ci NOT NULL,
  `display_name` varchar(191) COLLATE utf8mb4_unicode_ci DEFAULT NULL,
  `description` varchar(191) COLLATE utf8mb4_unicode_ci DEFAULT NULL,
  `category_permission_id` int(10) UNSIGNED NOT NULL,
  `created_at` timestamp NULL DEFAULT NULL,
  `updated_at` timestamp NULL DEFAULT NULL
) ENGINE=InnoDB DEFAULT CHARSET=utf8mb4 COLLATE=utf8mb4_unicode_ci;

--
-- Đang đổ dữ liệu cho bảng `permissions`
--

INSERT INTO `permissions` (`id`, `name`, `display_name`, `description`, `category_permission_id`, `created_at`, `updated_at`) VALUES
(1, 'role-list', 'Xem Danh Sách Quyền', 'Được Xem Danh Sách Quyền', 1, '2018-03-14 07:32:41', '2018-03-14 07:32:41'),
(2, 'role-create', 'Tạo Quyền Mới', 'Được Tạo Quyền Mới', 1, '2018-03-14 07:32:41', '2018-03-14 07:32:41'),
(3, 'role-edit', 'Cập Nhật Quyền', 'Được Cập Nhật Quyền', 1, '2018-03-14 07:32:41', '2018-03-14 07:32:41'),
(4, 'role-delete', 'Xóa Quyền', 'Được Xóa Quyền', 1, '2018-03-14 07:32:41', '2018-03-14 07:32:41'),
(5, 'user-list', 'Xem Danh Sách Users', 'Được Xem Danh Sách Users', 2, '2018-03-14 07:32:41', '2018-03-14 07:32:41'),
(6, 'user-create', 'Tạo User', 'Được Tạo User Mới', 2, '2018-03-14 07:32:41', '2018-03-14 07:32:41'),
(7, 'user-edit', 'Cập Nhật User', 'Được Cập Nhật User', 2, '2018-03-14 07:32:41', '2018-03-14 07:32:41'),
(8, 'user-delete', 'Xóa user', 'Được Xóa User', 2, '2018-03-14 07:32:41', '2018-03-14 07:32:41'),
(9, 'menu-list', 'Toàn Quyền Menu', 'Được Toàn Quyền Menu', 3, '2018-03-14 07:32:41', '2018-03-14 07:32:41'),
(10, 'menu-create', 'Thêm Mới Menu', 'Được Thêm Mới Menu', 3, '2018-03-14 07:32:42', '2018-03-14 07:32:42'),
(11, 'menu-edit', 'Cập Nhật Menu', 'Được Cập Nhật Menu', 3, '2018-03-14 07:32:42', '2018-03-14 07:32:42'),
(12, 'menu-delete', 'Xóa Menu', 'Được Xóa Menu', 3, '2018-03-14 07:32:42', '2018-03-14 07:32:42'),
(13, 'page-list', 'Toàn Quyền Trang', 'Được Toàn Quyền Trang', 4, '2018-03-14 07:32:42', '2018-03-14 07:32:42'),
(14, 'page-create', 'Thêm Mới Trang', 'Được Thêm Mới Trang', 4, '2018-03-14 07:32:42', '2018-03-14 07:32:42'),
(15, 'page-edit', 'Cập Nhật Trang', 'Được Cập Nhật Trang', 4, '2018-03-14 07:32:42', '2018-03-14 07:32:42'),
(16, 'page-delete', 'Xóa Trang', 'Được Xóa Trang', 4, '2018-03-14 07:32:42', '2018-03-14 07:32:42'),
(17, 'post-list', 'Toàn Quyền Bài Viết', 'Được Toàn Quyền Bài Viết', 5, '2018-03-14 07:54:54', '2018-03-14 07:54:54'),
(18, 'post-create', 'Thêm Mới Bài Viết', 'Được Thêm Mới Bài Viết', 5, '2018-03-14 07:54:54', '2018-03-14 07:54:54'),
(19, 'post-edit', 'Cập Nhật Bài Viết', 'Được Cập Nhật Bài Viết', 5, '2018-03-14 07:54:54', '2018-03-14 07:54:54'),
(20, 'post-delete', 'Xóa Bài Viết', 'Được Xóa Bài Viết', 5, '2018-03-14 07:54:54', '2018-03-14 07:54:54'),
(21, 'product-list', 'Toàn Quyền Sản Phẩm', 'Được Toàn Quyền Sản Phẩm', 7, '2018-03-27 03:06:34', '2018-03-27 03:06:34'),
(22, 'product-create', 'Thêm Mới Sản Phẩm', 'Được Thêm Mới Sản Phẩm', 7, '2018-03-27 03:06:34', '2018-03-27 03:06:34'),
(23, 'product-edit', 'Cập Nhật Sản Phẩm', 'Được Cập Nhật Sản Phẩm', 7, '2018-03-27 03:06:34', '2018-03-27 03:06:34'),
(24, 'product-delete', 'Xóa Sản Phẩm', 'Được Xóa Sản Phẩm', 7, '2018-03-27 03:06:34', '2018-03-27 03:06:34');

-- --------------------------------------------------------

--
-- Cấu trúc bảng cho bảng `permission_role`
--

CREATE TABLE `permission_role` (
  `permission_id` int(10) UNSIGNED NOT NULL,
  `role_id` int(10) UNSIGNED NOT NULL
) ENGINE=InnoDB DEFAULT CHARSET=utf8mb4 COLLATE=utf8mb4_unicode_ci;

--
-- Đang đổ dữ liệu cho bảng `permission_role`
--

INSERT INTO `permission_role` (`permission_id`, `role_id`) VALUES
(1, 1),
(2, 1),
(3, 1),
(4, 1),
(5, 1),
(6, 1),
(7, 1),
(8, 1),
(9, 1),
(10, 1),
(11, 1),
(12, 1),
(13, 1),
(14, 1),
(15, 1),
(16, 1),
(17, 1),
(18, 1),
(19, 1),
(20, 1),
(21, 1),
(22, 1),
(23, 1),
(24, 1);

-- --------------------------------------------------------

--
-- Cấu trúc bảng cho bảng `posts`
--

CREATE TABLE `posts` (
  `id` int(10) UNSIGNED NOT NULL,
  `title` varchar(191) COLLATE utf8mb4_unicode_ci NOT NULL,
  `path` varchar(191) COLLATE utf8mb4_unicode_ci NOT NULL,
  `description` longtext COLLATE utf8mb4_unicode_ci,
  `content` longtext COLLATE utf8mb4_unicode_ci NOT NULL,
  `image` varchar(191) COLLATE utf8mb4_unicode_ci DEFAULT NULL,
  `post_type` tinyint(3) UNSIGNED NOT NULL DEFAULT '0',
  `isActive` tinyint(1) NOT NULL DEFAULT '1',
  `category_item_id` int(11) DEFAULT NULL,
  `user_id` int(10) UNSIGNED NOT NULL,
  `created_at` timestamp NULL DEFAULT NULL,
  `updated_at` timestamp NULL DEFAULT NULL,
  `seo_id` int(10) UNSIGNED NOT NULL
) ENGINE=InnoDB DEFAULT CHARSET=utf8mb4 COLLATE=utf8mb4_unicode_ci;

--
-- Đang đổ dữ liệu cho bảng `posts`
--

INSERT INTO `posts` (`id`, `title`, `path`, `description`, `content`, `image`, `post_type`, `isActive`, `category_item_id`, `user_id`, `created_at`, `updated_at`, `seo_id`) VALUES
(1, 'test bài viết', 'test-bai-viet', '<p>\r\n	test bài viết\r\n</p>', '<p>\r\n	test bài viết\r\n</p>', 'images/uploads/images/gt_1.jpg', 1, 1, NULL, 1, '2018-07-17 03:18:34', '2018-07-17 03:18:34', 7);

-- --------------------------------------------------------

--
-- Cấu trúc bảng cho bảng `products`
--

CREATE TABLE `products` (
  `id` int(10) UNSIGNED NOT NULL,
  `name` varchar(191) COLLATE utf8mb4_unicode_ci NOT NULL,
  `path` varchar(191) COLLATE utf8mb4_unicode_ci NOT NULL,
  `isActive` tinyint(1) NOT NULL DEFAULT '0',
  `image` varchar(191) COLLATE utf8mb4_unicode_ci DEFAULT NULL,
  `description` longtext COLLATE utf8mb4_unicode_ci,
  `content` longtext COLLATE utf8mb4_unicode_ci NOT NULL,
  `code` varchar(191) COLLATE utf8mb4_unicode_ci DEFAULT NULL,
  `price` varchar(191) COLLATE utf8mb4_unicode_ci DEFAULT '0',
  `sale` int(11) NOT NULL DEFAULT '0',
  `final_price` varchar(191) COLLATE utf8mb4_unicode_ci DEFAULT '0',
  `order` int(11) NOT NULL DEFAULT '1',
  `user_id` int(10) UNSIGNED NOT NULL,
  `category_product_id` int(10) UNSIGNED NOT NULL,
  `created_at` timestamp NULL DEFAULT NULL,
  `updated_at` timestamp NULL DEFAULT NULL,
  `seo_id` int(10) UNSIGNED NOT NULL
) ENGINE=InnoDB DEFAULT CHARSET=utf8mb4 COLLATE=utf8mb4_unicode_ci;

-- --------------------------------------------------------

--
-- Cấu trúc bảng cho bảng `roles`
--

CREATE TABLE `roles` (
  `id` int(10) UNSIGNED NOT NULL,
  `name` varchar(191) COLLATE utf8mb4_unicode_ci NOT NULL,
  `display_name` varchar(191) COLLATE utf8mb4_unicode_ci DEFAULT NULL,
  `description` varchar(191) COLLATE utf8mb4_unicode_ci DEFAULT NULL,
  `created_at` timestamp NULL DEFAULT NULL,
  `updated_at` timestamp NULL DEFAULT NULL
) ENGINE=InnoDB DEFAULT CHARSET=utf8mb4 COLLATE=utf8mb4_unicode_ci;

--
-- Đang đổ dữ liệu cho bảng `roles`
--

INSERT INTO `roles` (`id`, `name`, `display_name`, `description`, `created_at`, `updated_at`) VALUES
(1, 'admin', 'admin', 'administer the website and manage users', '2018-03-14 07:23:50', '2018-03-14 07:23:50');

-- --------------------------------------------------------

--
-- Cấu trúc bảng cho bảng `role_user`
--

CREATE TABLE `role_user` (
  `user_id` int(10) UNSIGNED NOT NULL,
  `role_id` int(10) UNSIGNED NOT NULL
) ENGINE=InnoDB DEFAULT CHARSET=utf8mb4 COLLATE=utf8mb4_unicode_ci;

--
-- Đang đổ dữ liệu cho bảng `role_user`
--

INSERT INTO `role_user` (`user_id`, `role_id`) VALUES
(1, 1);

-- --------------------------------------------------------

--
-- Cấu trúc bảng cho bảng `seos`
--

CREATE TABLE `seos` (
  `id` int(10) UNSIGNED NOT NULL,
  `seo_title` varchar(191) COLLATE utf8mb4_unicode_ci DEFAULT NULL,
  `seo_description` varchar(191) COLLATE utf8mb4_unicode_ci DEFAULT NULL,
  `seo_keywords` varchar(191) COLLATE utf8mb4_unicode_ci DEFAULT NULL,
  `created_at` timestamp NULL DEFAULT NULL,
  `updated_at` timestamp NULL DEFAULT NULL
) ENGINE=InnoDB DEFAULT CHARSET=utf8mb4 COLLATE=utf8mb4_unicode_ci;

--
-- Đang đổ dữ liệu cho bảng `seos`
--

INSERT INTO `seos` (`id`, `seo_title`, `seo_description`, `seo_keywords`, `created_at`, `updated_at`) VALUES
(1, 'Test 1', 'Test 1', 'Test 1', '2018-07-17 02:13:46', '2018-07-17 02:13:46'),
(2, 'Test 2', 'Test 2', 'Test 2', '2018-07-17 02:14:03', '2018-07-17 02:14:03'),
(3, 'Test 3', 'Test 3', 'Test 3', '2018-07-17 02:14:21', '2018-07-17 02:14:21'),
(4, 'test1-1', 'test1-1', 'test1,1', '2018-07-17 02:24:13', '2018-07-17 02:24:13'),
(5, 'test 5', 'test 5', 'test 5', '2018-07-17 02:32:23', '2018-07-17 02:32:23'),
(6, 'test bài viết', 'test bài viết', 'test bài viết', '2018-07-17 03:13:47', '2018-07-17 03:13:47'),
(7, 'test bài viết', 'test bài viết', 'test bài viết', '2018-07-17 03:18:34', '2018-07-17 03:18:34');

-- --------------------------------------------------------

--
-- Cấu trúc bảng cho bảng `users`
--

CREATE TABLE `users` (
  `id` int(10) UNSIGNED NOT NULL,
  `name` varchar(191) COLLATE utf8mb4_unicode_ci NOT NULL,
  `email` varchar(191) COLLATE utf8mb4_unicode_ci NOT NULL,
  `password` varchar(191) COLLATE utf8mb4_unicode_ci NOT NULL,
  `remember_token` varchar(100) COLLATE utf8mb4_unicode_ci DEFAULT NULL,
  `created_at` timestamp NULL DEFAULT NULL,
  `updated_at` timestamp NULL DEFAULT NULL
) ENGINE=InnoDB DEFAULT CHARSET=utf8mb4 COLLATE=utf8mb4_unicode_ci;

--
-- Đang đổ dữ liệu cho bảng `users`
--

INSERT INTO `users` (`id`, `name`, `email`, `password`, `remember_token`, `created_at`, `updated_at`) VALUES
(1, 'nnduyquang', 'nnduyquang@gmail.com', '$2y$10$mStg572JFNI89/0Cg7TOGOUkACFaBl/nsNeOvx8zglr1qyJPA0tj6', NULL, '2018-03-14 07:24:10', NULL);

--
-- Chỉ mục cho các bảng đã đổ
--

--
-- Chỉ mục cho bảng `category_items`
--
ALTER TABLE `category_items`
  ADD PRIMARY KEY (`id`),
  ADD KEY `category_items_seo_id_foreign` (`seo_id`);

--
-- Chỉ mục cho bảng `category_many`
--
ALTER TABLE `category_many`
  ADD PRIMARY KEY (`category_id`,`item_id`);

--
-- Chỉ mục cho bảng `category_permissions`
--
ALTER TABLE `category_permissions`
  ADD PRIMARY KEY (`id`),
  ADD UNIQUE KEY `category_permissions_name_unique` (`name`);

--
-- Chỉ mục cho bảng `configs`
--
ALTER TABLE `configs`
  ADD PRIMARY KEY (`id`),
  ADD KEY `configs_user_id_foreign` (`user_id`);

--
-- Chỉ mục cho bảng `menus`
--
ALTER TABLE `menus`
  ADD PRIMARY KEY (`id`);

--
-- Chỉ mục cho bảng `migrations`
--
ALTER TABLE `migrations`
  ADD PRIMARY KEY (`id`);

--
-- Chỉ mục cho bảng `password_resets`
--
ALTER TABLE `password_resets`
  ADD KEY `password_resets_email_index` (`email`);

--
-- Chỉ mục cho bảng `permissions`
--
ALTER TABLE `permissions`
  ADD PRIMARY KEY (`id`),
  ADD UNIQUE KEY `permissions_name_unique` (`name`),
  ADD KEY `permissions_category_permission_id_foreign` (`category_permission_id`);

--
-- Chỉ mục cho bảng `permission_role`
--
ALTER TABLE `permission_role`
  ADD PRIMARY KEY (`permission_id`,`role_id`),
  ADD KEY `permission_role_role_id_foreign` (`role_id`);

--
-- Chỉ mục cho bảng `posts`
--
ALTER TABLE `posts`
  ADD PRIMARY KEY (`id`),
  ADD KEY `posts_user_id_foreign` (`user_id`),
  ADD KEY `posts_seo_id_foreign` (`seo_id`);

--
-- Chỉ mục cho bảng `products`
--
ALTER TABLE `products`
  ADD PRIMARY KEY (`id`),
  ADD KEY `products_user_id_foreign` (`user_id`),
  ADD KEY `products_category_product_id_foreign` (`category_product_id`),
  ADD KEY `products_seo_id_foreign` (`seo_id`);

--
-- Chỉ mục cho bảng `roles`
--
ALTER TABLE `roles`
  ADD PRIMARY KEY (`id`),
  ADD UNIQUE KEY `roles_name_unique` (`name`);

--
-- Chỉ mục cho bảng `role_user`
--
ALTER TABLE `role_user`
  ADD PRIMARY KEY (`user_id`,`role_id`),
  ADD KEY `role_user_role_id_foreign` (`role_id`);

--
-- Chỉ mục cho bảng `seos`
--
ALTER TABLE `seos`
  ADD PRIMARY KEY (`id`);

--
-- Chỉ mục cho bảng `users`
--
ALTER TABLE `users`
  ADD PRIMARY KEY (`id`),
  ADD UNIQUE KEY `users_email_unique` (`email`);

--
-- AUTO_INCREMENT cho các bảng đã đổ
--

--
-- AUTO_INCREMENT cho bảng `category_items`
--
ALTER TABLE `category_items`
  MODIFY `id` int(10) UNSIGNED NOT NULL AUTO_INCREMENT, AUTO_INCREMENT=6;

--
-- AUTO_INCREMENT cho bảng `category_permissions`
--
ALTER TABLE `category_permissions`
  MODIFY `id` int(10) UNSIGNED NOT NULL AUTO_INCREMENT, AUTO_INCREMENT=8;

--
-- AUTO_INCREMENT cho bảng `configs`
--
ALTER TABLE `configs`
  MODIFY `id` int(10) UNSIGNED NOT NULL AUTO_INCREMENT, AUTO_INCREMENT=2;

--
-- AUTO_INCREMENT cho bảng `menus`
--
ALTER TABLE `menus`
  MODIFY `id` int(10) UNSIGNED NOT NULL AUTO_INCREMENT;

--
-- AUTO_INCREMENT cho bảng `migrations`
--
ALTER TABLE `migrations`
  MODIFY `id` int(10) UNSIGNED NOT NULL AUTO_INCREMENT, AUTO_INCREMENT=9;

--
-- AUTO_INCREMENT cho bảng `permissions`
--
ALTER TABLE `permissions`
  MODIFY `id` int(10) UNSIGNED NOT NULL AUTO_INCREMENT, AUTO_INCREMENT=25;

--
-- AUTO_INCREMENT cho bảng `posts`
--
ALTER TABLE `posts`
  MODIFY `id` int(10) UNSIGNED NOT NULL AUTO_INCREMENT, AUTO_INCREMENT=2;

--
-- AUTO_INCREMENT cho bảng `products`
--
ALTER TABLE `products`
  MODIFY `id` int(10) UNSIGNED NOT NULL AUTO_INCREMENT;

--
-- AUTO_INCREMENT cho bảng `roles`
--
ALTER TABLE `roles`
  MODIFY `id` int(10) UNSIGNED NOT NULL AUTO_INCREMENT, AUTO_INCREMENT=2;

--
-- AUTO_INCREMENT cho bảng `seos`
--
ALTER TABLE `seos`
  MODIFY `id` int(10) UNSIGNED NOT NULL AUTO_INCREMENT, AUTO_INCREMENT=8;

--
-- AUTO_INCREMENT cho bảng `users`
--
ALTER TABLE `users`
  MODIFY `id` int(10) UNSIGNED NOT NULL AUTO_INCREMENT, AUTO_INCREMENT=2;

--
-- Các ràng buộc cho các bảng đã đổ
--

--
-- Các ràng buộc cho bảng `category_items`
--
ALTER TABLE `category_items`
  ADD CONSTRAINT `category_items_seo_id_foreign` FOREIGN KEY (`seo_id`) REFERENCES `seos` (`id`) ON DELETE CASCADE ON UPDATE CASCADE;

--
-- Các ràng buộc cho bảng `configs`
--
ALTER TABLE `configs`
  ADD CONSTRAINT `configs_user_id_foreign` FOREIGN KEY (`user_id`) REFERENCES `users` (`id`) ON DELETE CASCADE ON UPDATE CASCADE;

--
-- Các ràng buộc cho bảng `permissions`
--
ALTER TABLE `permissions`
  ADD CONSTRAINT `permissions_category_permission_id_foreign` FOREIGN KEY (`category_permission_id`) REFERENCES `category_permissions` (`id`) ON DELETE CASCADE ON UPDATE CASCADE;

--
-- Các ràng buộc cho bảng `permission_role`
--
ALTER TABLE `permission_role`
  ADD CONSTRAINT `permission_role_permission_id_foreign` FOREIGN KEY (`permission_id`) REFERENCES `permissions` (`id`) ON DELETE CASCADE ON UPDATE CASCADE,
  ADD CONSTRAINT `permission_role_role_id_foreign` FOREIGN KEY (`role_id`) REFERENCES `roles` (`id`) ON DELETE CASCADE ON UPDATE CASCADE;

--
-- Các ràng buộc cho bảng `posts`
--
ALTER TABLE `posts`
  ADD CONSTRAINT `posts_seo_id_foreign` FOREIGN KEY (`seo_id`) REFERENCES `seos` (`id`) ON DELETE CASCADE ON UPDATE CASCADE,
  ADD CONSTRAINT `posts_user_id_foreign` FOREIGN KEY (`user_id`) REFERENCES `users` (`id`) ON DELETE CASCADE ON UPDATE CASCADE;

--
-- Các ràng buộc cho bảng `products`
--
ALTER TABLE `products`
  ADD CONSTRAINT `products_category_product_id_foreign` FOREIGN KEY (`category_product_id`) REFERENCES `category_items` (`id`) ON DELETE CASCADE ON UPDATE CASCADE,
  ADD CONSTRAINT `products_seo_id_foreign` FOREIGN KEY (`seo_id`) REFERENCES `seos` (`id`) ON DELETE CASCADE ON UPDATE CASCADE,
  ADD CONSTRAINT `products_user_id_foreign` FOREIGN KEY (`user_id`) REFERENCES `users` (`id`) ON DELETE CASCADE ON UPDATE CASCADE;

--
-- Các ràng buộc cho bảng `role_user`
--
ALTER TABLE `role_user`
  ADD CONSTRAINT `role_user_role_id_foreign` FOREIGN KEY (`role_id`) REFERENCES `roles` (`id`) ON DELETE CASCADE ON UPDATE CASCADE,
  ADD CONSTRAINT `role_user_user_id_foreign` FOREIGN KEY (`user_id`) REFERENCES `users` (`id`) ON DELETE CASCADE ON UPDATE CASCADE;
COMMIT;

/*!40101 SET CHARACTER_SET_CLIENT=@OLD_CHARACTER_SET_CLIENT */;
/*!40101 SET CHARACTER_SET_RESULTS=@OLD_CHARACTER_SET_RESULTS */;
/*!40101 SET COLLATION_CONNECTION=@OLD_COLLATION_CONNECTION */;
